Cutomers 30 days,Cutomers 20 days,Total Count,Retention Rate,Regular Customers
60,163,1470,0.040816326530612242,0.11088435374149661
