Cutomers 30 days,Cutomers 20 days,Total Count,Retention Rate,Regular Customers
79,228,1508,0.052387267904509281,0.15119363395225463
