,Fri 1st Jan 2016,Sat 2nd Jan 2016,Sun 3rd Jan 2016,Mon 4th Jan 2016,Tue 5th Jan 2016,Wed 6th Jan 2016,Revenue,Cost of Goods,Gross Profit,Margin,Tax
,1200.000000,5752.500000,8860.200000,9013.400000,7731.700000,11045.200000,43603.000000,31065.770000,12537.230000,0.287531,0.000000

Revenue,1200.000000,5752.500000,8860.200000,9013.400000,7731.700000,11045.200000
Cost of Goods,774.680000,4112.820000,6425.540000,6451.810000,5264.150000,8036.770000
Gross Profit,425.320000,1639.680000,2434.660000,2561.590000,2467.550000,3008.430000
Margin,0.354433,0.285038,0.274786,0.284198,0.319147,0.272374
Tax,0.000000,0.000000,0.000000,0.000000,0.000000,0.000000
