Cutomers 30 days,Cutomers 20 days,Total Count,Retention Rate,Regular Customers
76,249,1595,0.047648902821316612,0.15611285266457681
