Cutomers 30 days,Cutomers 20 days,Total Count,Retention Rate,Regular Customers
70,225,1524,0.045931758530183726,0.14763779527559054
